{
    "globalFXSettings":
    {
        "ConvolutionReverb":
        {
            "active": true,
            "delay": 0.027378000000000004,
            "highCutFreq": 18000.0,
            "impulseA": "//ir/QL SPACES TEASER/S. Cal. Hall strings LR Front",
            "irLength": 44.22250000000001,
            "lowCutFreq": 85.6521087587203,
            "wet": 0.7957695126533508
        },
        "Equalizer":
        {
            "active": true,
            "frequency1": 79.62143411069944,
            "frequency2": 255.8762608315047,
            "frequency3": 7194.986703114838,
            "gain1": 1.2240000000000005,
            "gain2": -1.620000000000001,
            "gain3": 1.2959999999999994,
            "q1": 0.34500000000000005,
            "q2": 0.539,
            "q3": 0.5,
            "type1": false,
            "type3": false
        }
    },
    "globalTimer": 16.0,
    "humanize": 0,
    "presetTags":
    [],
    "seqBars": 4.0,
    "seqSigDenom": 4.0,
    "seqSigNum": 4.0,
    "signature": 0,
    "slot0Arrangermode": 0,
    "slot0EnvelopeChanged": false,
    "slot0EnvelopeObject": null,
    "slot0GridIdx": 1.0,
    "slot0Instrument": 163,
    "slot0MaxDynamic": 127,
    "slot0MinDynamic": 0,
    "slot0Octaveshift": 0,
    "slot0Output": "out:0",
    "slot0Pan": 0.0,
    "slot0RevSend": 0.7,
    "slot0SeqActive": false,
    "slot0Sequence":
    [
        18241462275,
        -2864090519705920944,
        -6997523232973362264,
        0,
        0
    ],
    "slot0TrackDelay": 0.0,
    "slot0Volume": 1.0,
    "slot10Arrangermode": 0,
    "slot10EnvelopeChanged": false,
    "slot10EnvelopeObject": null,
    "slot10GridIdx": 1.0,
    "slot10Instrument": 102,
    "slot10MaxDynamic": 127,
    "slot10MinDynamic": 0,
    "slot10Octaveshift": 0,
    "slot10Output": "out:0",
    "slot10Pan": 0.0,
    "slot10RevSend": 0.7,
    "slot10SeqActive": false,
    "slot10Sequence":
    [
        18241462275,
        -2864090519705920944,
        -6997523232973362264,
        0,
        0
    ],
    "slot10TrackDelay": 0.0,
    "slot10Volume": 1.0,
    "slot11Arrangermode": 0,
    "slot11EnvelopeChanged": false,
    "slot11EnvelopeObject": null,
    "slot11GridIdx": 1.0,
    "slot11Instrument": 2,
    "slot11MaxDynamic": 127,
    "slot11MinDynamic": 0,
    "slot11Octaveshift": 0,
    "slot11Output": "out:0",
    "slot11Pan": 0.0,
    "slot11RevSend": 0.7,
    "slot11SeqActive": false,
    "slot11Sequence":
    [
        18241462275,
        -2864090519705920944,
        -6997523232973362264,
        0,
        0
    ],
    "slot11TrackDelay": 0.0,
    "slot11Volume": 1.0,
    "slot12Arrangermode": 0,
    "slot12EnvelopeChanged": false,
    "slot12EnvelopeObject": null,
    "slot12GridIdx": 1.0,
    "slot12Instrument": 21,
    "slot12MaxDynamic": 127,
    "slot12MinDynamic": 0,
    "slot12Octaveshift": 0,
    "slot12Output": "out:0",
    "slot12Pan": 0.0,
    "slot12RevSend": 0.7,
    "slot12SeqActive": false,
    "slot12Sequence":
    [
        18241462275,
        -2864090519705920944,
        -6997523232973362264,
        0,
        0
    ],
    "slot12TrackDelay": 0.0,
    "slot12Volume": 1.0,
    "slot13Arrangermode": 0,
    "slot13EnvelopeChanged": false,
    "slot13EnvelopeObject": null,
    "slot13GridIdx": 1.0,
    "slot13Instrument": 35,
    "slot13MaxDynamic": 127,
    "slot13MinDynamic": 0,
    "slot13Octaveshift": 0,
    "slot13Output": "out:0",
    "slot13Pan": 0.0,
    "slot13RevSend": 0.7,
    "slot13SeqActive": false,
    "slot13Sequence":
    [
        18241462275,
        -2864090519705920944,
        -6997523232973362264,
        0,
        0
    ],
    "slot13TrackDelay": 0.0,
    "slot13Volume": 1.0,
    "slot14Arrangermode": 0,
    "slot14EnvelopeChanged": false,
    "slot14EnvelopeObject": null,
    "slot14GridIdx": 1.0,
    "slot14Instrument": 44,
    "slot14MaxDynamic": 127,
    "slot14MinDynamic": 0,
    "slot14Octaveshift": 0,
    "slot14Output": "out:0",
    "slot14Pan": 0.0,
    "slot14RevSend": 0.7,
    "slot14SeqActive": false,
    "slot14Sequence":
    [
        18241462275,
        -2864090519705920944,
        -6997523232973362264,
        0,
        0
    ],
    "slot14TrackDelay": 0.0,
    "slot14Volume": 1.0,
    "slot15Arrangermode": 0,
    "slot15EnvelopeChanged": false,
    "slot15EnvelopeObject": null,
    "slot15GridIdx": 1.0,
    "slot15Instrument": 59,
    "slot15MaxDynamic": 127,
    "slot15MinDynamic": 0,
    "slot15Octaveshift": 0,
    "slot15Output": "out:0",
    "slot15Pan": 0.0,
    "slot15RevSend": 0.7,
    "slot15SeqActive": false,
    "slot15Sequence":
    [
        18241462275,
        -2864090519705920944,
        -6997523232973362264,
        0,
        0
    ],
    "slot15TrackDelay": 0.0,
    "slot15Volume": 1.0,
    "slot1Arrangermode": 0,
    "slot1EnvelopeChanged": false,
    "slot1EnvelopeObject": null,
    "slot1GridIdx": 1.0,
    "slot1Instrument": 177,
    "slot1MaxDynamic": 127,
    "slot1MinDynamic": 0,
    "slot1Octaveshift": 0,
    "slot1Output": "out:0",
    "slot1Pan": 0.0,
    "slot1RevSend": 0.7,
    "slot1SeqActive": false,
    "slot1Sequence":
    [
        18241462275,
        -2864090519705920944,
        -6997523232973362264,
        0,
        0
    ],
    "slot1TrackDelay": 0.0,
    "slot1Volume": 1.0,
    "slot2Arrangermode": 0,
    "slot2EnvelopeChanged": false,
    "slot2EnvelopeObject": null,
    "slot2GridIdx": 1.0,
    "slot2Instrument": 206,
    "slot2MaxDynamic": 127,
    "slot2MinDynamic": 0,
    "slot2Octaveshift": 0,
    "slot2Output": "out:0",
    "slot2Pan": 0.0,
    "slot2RevSend": 0.7,
    "slot2SeqActive": false,
    "slot2Sequence":
    [
        18241462275,
        -2864090519705920944,
        -6997523232973362264,
        0,
        0
    ],
    "slot2TrackDelay": 0.0,
    "slot2Volume": 1.0,
    "slot3Arrangermode": 0,
    "slot3EnvelopeChanged": false,
    "slot3EnvelopeObject": null,
    "slot3GridIdx": 1.0,
    "slot3Instrument": 266,
    "slot3MaxDynamic": 127,
    "slot3MinDynamic": 0,
    "slot3Octaveshift": 0,
    "slot3Output": "out:0",
    "slot3Pan": 0.0,
    "slot3RevSend": 0.7,
    "slot3SeqActive": false,
    "slot3Sequence":
    [
        18241462275,
        -2864090519705920944,
        -6997523232973362264,
        0,
        0
    ],
    "slot3TrackDelay": 0.0,
    "slot3Volume": 1.0,
    "slot4Arrangermode": 0,
    "slot4EnvelopeChanged": false,
    "slot4EnvelopeObject": null,
    "slot4GridIdx": 1.0,
    "slot4Instrument": 69,
    "slot4MaxDynamic": 127,
    "slot4MinDynamic": 0,
    "slot4Octaveshift": 0,
    "slot4Output": "out:0",
    "slot4Pan": 0.0,
    "slot4RevSend": 0.7,
    "slot4SeqActive": false,
    "slot4Sequence":
    [
        18241462275,
        -2864090519705920944,
        -6997523232973362264,
        0,
        0
    ],
    "slot4TrackDelay": 0.0,
    "slot4Volume": 1.0,
    "slot5Arrangermode": 0,
    "slot5EnvelopeChanged": false,
    "slot5EnvelopeObject": null,
    "slot5GridIdx": 1.0,
    "slot5Instrument": 281,
    "slot5MaxDynamic": 127,
    "slot5MinDynamic": 0,
    "slot5Octaveshift": 0,
    "slot5Output": "out:0",
    "slot5Pan": 0.0,
    "slot5RevSend": 0.7,
    "slot5SeqActive": false,
    "slot5Sequence":
    [
        18241462275,
        -2864090519705920944,
        -6997523232973362264,
        0,
        0
    ],
    "slot5TrackDelay": 0.0,
    "slot5Volume": 1.0,
    "slot6Arrangermode": 0,
    "slot6EnvelopeChanged": false,
    "slot6EnvelopeObject": null,
    "slot6GridIdx": 1.0,
    "slot6Instrument": 287,
    "slot6MaxDynamic": 127,
    "slot6MinDynamic": 0,
    "slot6Octaveshift": 0,
    "slot6Output": "out:0",
    "slot6Pan": 0.0,
    "slot6RevSend": 0.7,
    "slot6SeqActive": false,
    "slot6Sequence":
    [
        18241462275,
        -2864090519705920944,
        -6997523232973362264,
        0,
        0
    ],
    "slot6TrackDelay": 0.0,
    "slot6Volume": 1.0,
    "slot7Arrangermode": 0,
    "slot7EnvelopeChanged": false,
    "slot7EnvelopeObject": null,